timestep,value,action
0,67.949394,[[1.        1.        0.4457422]]
1,60.56719,[[0.82275903 1.         0.2205934 ]]
2,60.68119,[[0.69354916 0.3578749  0.        ]]
3,61.8591,[[1. 0. 0.]]
4,64.54473,[[0.9225069 1.        0.       ]]
5,65.4083,[[0.9216782 0.        0.       ]]
6,67.23142,[[1. 1. 0.]]
7,65.45123,[[-1.          0.76701915  0.        ]]
8,66.68087,[[-0.72683537  0.77697456  0.        ]]
9,65.027084,[[-0.01894772  0.03270246  0.        ]]
10,63.790436,[[0.46305043 1.         0.        ]]
11,66.31008,[[-1.  0.  0.]]
12,67.08146,[[-0.46473098  0.          0.        ]]
13,68.359505,[[-1.  1.  0.]]
14,69.52102,[[0.33325183 1.         0.        ]]
15,69.3542,[[-1.  1.  0.]]
16,69.2781,[[-0.5189792  1.         0.       ]]
17,70.3525,[[0.79138684 0.5284445  0.        ]]
18,69.21174,[[-0.5819278  1.         0.       ]]
19,70.68674,[[-0.13770136  0.8070227   0.        ]]
20,70.17922,[[-0.01522657  1.          0.        ]]
21,69.570724,[[-1.  1.  0.]]
22,68.92852,[[1. 1. 0.]]
23,69.60315,[[0.8074297 1.        0.       ]]
24,70.87465,[[1.         0.16527402 0.        ]]
25,70.802025,[[1. 1. 0.]]
26,70.65097,[[-0.2077173  1.         0.       ]]
27,72.014145,[[1. 1. 0.]]
28,70.05324,[[0.30168396 1.         0.        ]]
29,70.388756,[[-1.  1.  0.]]
30,70.38913,[[-0.45254588  1.          0.        ]]
31,71.164024,[[1. 1. 0.]]
32,72.29988,[[-1.          0.38218743  0.        ]]
33,72.05188,[[0.38469625 1.         0.        ]]
34,72.08164,[[-1.         0.7738243  0.       ]]
35,71.093864,[[-0.5703737   0.24541111  0.        ]]
36,73.61639,[[0.8952414 0.5649793 0.       ]]
37,74.24932,[[-1.  0.  0.]]
38,75.05151,[[-1.          0.81733036  0.        ]]
39,75.443954,[[-1.  0.  0.]]
40,74.76884,[[-0.7401411  0.         0.       ]]
41,76.303665,[[0.15484667 0.01320405 0.        ]]
42,80.28015,[[1. 1. 0.]]
43,79.66021,[[-1.  1.  0.]]
44,77.627144,[[-1.         0.1543523  0.       ]]
45,80.69602,[[-1.  1.  0.]]
46,81.50182,[[0.97257113 0.         0.        ]]
47,84.00649,[[0.60449636 0.80771685 0.        ]]
48,84.54781,[[0.8727006 0.        0.       ]]
49,83.82363,[[-0.34662366  1.          0.        ]]
50,81.11934,[[-1.  0.  0.]]
51,85.605545,[[0.45677418 0.         0.        ]]
52,84.57673,[[1.        0.5613782 0.       ]]
53,83.5263,[[-1.  1.  0.]]
54,82.901215,[[-1.          0.74234724  0.        ]]
55,84.39459,[[1. 0. 0.]]
56,84.20734,[[-0.6635144  0.         0.       ]]
57,82.184105,[[-0.4710191   0.79684997  0.        ]]
58,82.66061,[[0.4906905 0.        0.       ]]
59,85.975685,[[0.91228765 0.         0.        ]]
60,86.78775,[[0.6107171  0.43538082 0.        ]]
61,87.97594,[[-0.13624057  0.08421421  0.        ]]
62,86.60595,[[-0.7494945  1.         0.       ]]
63,87.29186,[[1. 1. 0.]]
64,84.09055,[[0.33150935 1.         0.        ]]
65,85.17245,[[-0.8923532  0.         0.       ]]
66,84.925674,[[-1.  1.  0.]]
67,84.97097,[[-0.00364757  1.          0.        ]]
68,83.490814,[[1. 1. 0.]]
69,83.350716,[[1. 1. 0.]]
70,84.10167,[[1. 1. 0.]]
71,81.50621,[[1. 0. 0.]]
72,79.23628,[[-0.13134915  0.40582448  0.        ]]
73,77.8832,[[1. 1. 0.]]
74,79.59466,[[-1.  0.  0.]]
75,79.99612,[[-0.675456   0.8480998  0.       ]]
76,82.85219,[[0.33251226 0.         0.        ]]
77,82.41111,[[-0.7430453  0.         0.       ]]
78,82.42963,[[-1.        0.315593  0.      ]]
79,86.194275,[[-1.  0.  0.]]
80,84.99472,[[-1.  0.  0.]]
81,84.781136,[[-1.  0.  0.]]
82,84.476524,[[-1.  0.  0.]]
83,85.19867,[[-0.49452293  1.          0.        ]]
84,84.62622,[[0.9185499 1.        0.       ]]
85,83.419044,[[1. 1. 0.]]
86,83.413734,[[1.        0.9577392 0.       ]]
87,85.795456,[[1. 1. 0.]]
88,85.76181,[[1. 1. 0.]]
89,87.26271,[[0.83381826 1.         0.        ]]
90,86.957466,[[0.17581458 1.         0.        ]]
91,84.37955,[[-1.  1.  0.]]
92,83.18355,[[-0.16894162  0.593608    0.        ]]
93,85.15605,[[-1.          0.36201882  0.        ]]
94,87.646484,[[-1.         0.3758062  0.       ]]
95,88.7062,[[-0.5112229  1.         0.       ]]
96,86.43841,[[0.00235015 1.         0.        ]]
97,86.88689,[[0.6068419 1.        0.       ]]
98,86.63088,[[0.20839266 1.         0.        ]]
99,86.27035,[[-0.19502628  0.          0.        ]]
100,86.878685,[[-1.          0.76345414  0.        ]]
101,87.75441,[[-0.29833734  1.          0.        ]]
102,86.64375,[[-1.  0.  0.]]
103,86.83745,[[1.         0.40511757 0.        ]]
104,84.37225,[[0.8120305 1.        0.       ]]
105,84.67281,[[0.24528563 0.6309923  0.        ]]
106,84.6828,[[1.         0.63995343 0.        ]]
107,86.04483,[[0.90630454 0.9600015  0.        ]]
108,82.36292,[[-1.  1.  0.]]
109,83.41333,[[-0.05153835  0.06911734  0.        ]]
110,87.05131,[[0.8933862 1.        0.       ]]
111,87.42799,[[-1.  1.  0.]]
112,81.86565,[[-0.6629218  0.         0.       ]]
113,85.41895,[[-1.         0.7704746  0.       ]]
114,85.81483,[[-1.  0.  0.]]
115,82.903175,[[1. 0. 0.]]
116,80.111595,[[1. 1. 0.]]
117,81.421196,[[-0.29464245  0.78023684  0.        ]]
118,81.04534,[[0.01114291 0.84081924 0.        ]]
119,80.58694,[[1. 1. 0.]]
120,81.82329,[[0.778632 1.       0.      ]]
121,83.56202,[[0.0973016 1.        0.       ]]
122,81.70434,[[-1.  1.  0.]]
123,82.953224,[[1. 1. 0.]]
124,82.158936,[[-0.10354684  0.730242    0.        ]]
125,83.10559,[[-1.  1.  0.]]
126,85.29002,[[-1.  1.  0.]]
127,85.00727,[[1.        0.9675035 0.       ]]
128,87.31652,[[-0.13904667  1.          0.        ]]
129,86.153534,[[0.15269507 1.         0.        ]]
130,88.62111,[[0.32648748 0.23350608 0.        ]]
131,87.49345,[[0.12662598 0.89633185 0.        ]]
132,84.554924,[[-1.         0.9230108  0.       ]]
133,85.63209,[[-1.  1.  0.]]
134,85.70829,[[-1.  1.  0.]]
135,85.95484,[[1. 1. 0.]]
136,85.49244,[[0.2787934 1.        0.       ]]
137,85.02733,[[0.44017333 1.         0.        ]]
138,81.9184,[[-1.         0.7127332  0.       ]]
139,83.85922,[[-1.  1.  0.]]
140,85.76988,[[-1.         0.7356856  0.       ]]
141,86.52947,[[1. 1. 0.]]
142,88.929596,[[0.66494006 1.         0.        ]]
143,89.59479,[[0.34568802 1.         0.        ]]
144,86.943306,[[0.54915166 0.9890232  0.        ]]
145,87.37345,[[-1.          0.64342076  0.        ]]
146,88.14979,[[-1.  0.  0.]]
147,89.568275,[[-1.  0.  0.]]
148,86.65224,[[-1.  1.  0.]]
149,89.15946,[[-0.17773533  0.          0.        ]]
150,87.86913,[[0.14786369 0.61362046 0.        ]]
151,89.12206,[[0.57619834 0.6178089  0.        ]]
152,88.935425,[[1. 1. 0.]]
153,87.84439,[[0.17492855 1.         0.        ]]
154,85.94317,[[0.1246039 1.        0.       ]]
155,86.71201,[[-0.86856985  1.          0.        ]]
156,84.27384,[[-1.  1.  0.]]
157,84.30895,[[-0.4248762   0.80893046  0.        ]]
158,82.06002,[[0.45186862 0.47150826 0.        ]]
159,86.619194,[[0.42387456 1.         0.        ]]
160,85.02274,[[-0.37415844  1.          0.        ]]
161,84.29936,[[-0.6354146  1.         0.       ]]
162,82.76257,[[-0.3524269  0.0258646  0.       ]]
163,84.62528,[[1.         0.28332174 0.        ]]
164,85.7908,[[0.4517262  0.00424314 0.        ]]
165,85.32156,[[1.        0.2855649 0.       ]]
166,84.89917,[[-0.13356963  1.          0.        ]]
167,85.97459,[[-1.  1.  0.]]
168,84.97877,[[0.25042605 1.         0.        ]]
169,85.55103,[[1. 1. 0.]]
170,84.098915,[[0.2515896 1.        0.       ]]
171,84.34803,[[-0.5530572  1.         0.       ]]
172,84.58909,[[-0.82433736  1.          0.        ]]
173,84.37686,[[-1.          0.39863694  0.        ]]
174,82.83027,[[-1.         0.5000657  0.       ]]
175,84.151115,[[1.        0.7569098 0.       ]]
176,85.174034,[[-0.27452826  0.54680586  0.        ]]
177,83.85088,[[1. 1. 0.]]
178,85.08883,[[1. 1. 0.]]
179,85.94715,[[1. 1. 0.]]
180,84.26452,[[0.5683482 1.        0.       ]]
181,86.45791,[[-0.9120537  1.         0.       ]]
182,88.27948,[[0.23851207 0.59278905 0.        ]]
183,87.74808,[[-1.  1.  0.]]
184,88.93145,[[-1.  1.  0.]]
185,88.85952,[[-1.  0.  0.]]
186,88.0012,[[0.5389445 1.        0.       ]]
187,88.96012,[[0.9508383 1.        0.       ]]
188,87.862305,[[0.32809037 1.         0.        ]]
189,87.44595,[[-0.1325283  0.6676081  0.       ]]
190,87.30189,[[-1.  1.  0.]]
191,86.4751,[[-0.99496675  1.          0.        ]]
192,86.15096,[[-1.  1.  0.]]
193,86.80206,[[-0.3845824  0.         0.       ]]
194,86.38526,[[1. 1. 0.]]
195,86.6218,[[0.4377089 1.        0.       ]]
196,88.887276,[[1.         0.18700147 0.        ]]
197,89.08787,[[1. 1. 0.]]
198,87.702126,[[-0.11076615  1.          0.        ]]
199,89.61483,[[-0.28506744  1.          0.        ]]
200,89.12828,[[-1.  1.  0.]]
201,88.56905,[[-0.2950741  0.5492431  0.       ]]
202,84.40615,[[1. 0. 0.]]
203,84.93257,[[1. 1. 0.]]
204,85.36273,[[1. 1. 0.]]
205,83.87857,[[1. 1. 0.]]
206,83.102036,[[1. 1. 0.]]
207,85.063385,[[1. 1. 0.]]
208,76.35555,[[-0.24900857  1.          0.        ]]
209,76.34772,[[-0.76646626  1.          0.        ]]
210,76.35706,[[0.3628683 0.8014139 0.       ]]
211,75.1161,[[-1.  1.  0.]]
212,76.18664,[[-1.  1.  0.]]
213,76.433914,[[-0.87513614  1.          0.        ]]
214,75.25166,[[-0.03964758  0.1285516   0.        ]]
215,75.51075,[[-0.08216868  0.          0.        ]]
216,73.49549,[[0.2197726 1.        0.       ]]
217,76.5482,[[0.5702516 1.        0.       ]]
218,72.39409,[[-1.         0.5543927  0.       ]]
219,69.44894,[[-1.  0.  0.]]
220,77.29553,[[-0.48065996  0.          0.        ]]
221,78.26028,[[1. 0. 0.]]
222,80.15867,[[-0.875422  0.        0.      ]]
223,77.9803,[[-0.7800494  0.         0.       ]]
224,78.70214,[[-0.25189635  0.          0.        ]]
225,78.95953,[[0.3618706 0.        0.       ]]
226,78.42861,[[-0.20361105  0.5763276   0.        ]]
227,76.92263,[[0.19178504 0.2990317  0.        ]]
228,77.93166,[[1. 1. 0.]]
229,75.91155,[[1.        0.3964892 0.       ]]
230,75.812874,[[-0.49264747  0.          0.        ]]
231,71.99113,[[-1.         0.3657753  0.       ]]
232,74.069405,[[1.         0.84725094 0.        ]]
233,73.70201,[[1. 1. 0.]]
234,71.42266,[[1. 1. 0.]]
235,70.34165,[[0.13907215 1.         0.        ]]
236,67.093315,[[-0.4239599  1.         0.       ]]
237,69.50472,[[0.30817986 0.         0.        ]]
238,66.890755,[[-0.0597901  1.         0.       ]]
239,71.05483,[[-0.94715095  0.          0.        ]]
240,70.22646,[[0.2866318 1.        0.       ]]
241,70.99016,[[1. 0. 0.]]
242,73.58375,[[-0.32954946  0.          0.        ]]
243,71.41829,[[-1.  1.  0.]]
244,69.14539,[[-1.          0.26438057  0.        ]]
245,69.92572,[[-0.3036729   0.77556163  0.        ]]
246,69.672386,[[1.         0.86462367 0.        ]]
247,74.875465,[[1. 1. 0.]]
248,69.62183,[[1. 1. 0.]]
249,65.67455,[[1. 1. 0.]]
250,63.519405,[[1. 1. 0.]]
251,60.99437,[[0.43868428 1.         0.        ]]
252,63.805027,[[1. 1. 0.]]
253,64.54005,[[-0.7808119  1.         0.       ]]
254,63.182278,[[1.         0.82692164 0.        ]]
255,60.762814,[[1. 1. 0.]]
256,59.316708,[[0.81917423 1.         0.        ]]
257,57.16821,[[0.96996176 0.12299371 0.        ]]
258,55.735886,[[0.28904113 0.92804563 0.        ]]
259,54.40249,[[1. 0. 1.]]
260,55.08937,[[1.         0.21775061 0.        ]]
261,54.659893,[[1.        1.        0.0411365]]
262,51.599937,[[1. 1. 0.]]
263,48.904655,[[1.         0.         0.86497927]]
264,47.25326,[[1.        0.9670923 0.       ]]
265,44.213825,[[1. 1. 0.]]
266,39.233116,[[1.         0.05555503 0.        ]]
267,38.393494,[[1. 0. 0.]]
268,34.58825,[[1. 0. 0.]]
269,33.123997,[[1. 0. 0.]]
270,32.445293,[[1. 0. 0.]]
271,29.165798,[[1. 0. 0.]]
272,30.435879,[[1.        0.7884986 0.       ]]
273,28.955692,[[0.8933048  0.44846675 0.        ]]
274,26.827103,[[1.         0.06087589 0.        ]]
275,27.206749,[[1.         0.04542199 0.        ]]
276,31.765371,[[0.97505456 0.1856454  1.        ]]
277,31.49637,[[0.7200483 0.4459082 0.       ]]
278,32.71533,[[1.         0.         0.24439591]]
279,32.902344,[[1.         0.10102606 0.3870098 ]]
280,33.03345,[[1. 1. 0.]]
281,31.949429,[[1.        0.0705083 0.       ]]
282,33.287796,[[-0.36648762  1.          0.        ]]
283,35.557045,[[0.21303189 1.         0.        ]]
284,37.625458,[[-0.4975345   0.31417108  0.        ]]
285,38.86585,[[0.62196875 0.         0.05773771]]
286,39.537056,[[0.7199504 1.        0.       ]]
287,36.913708,[[1. 1. 0.]]
288,35.529926,[[1. 1. 0.]]
289,35.181145,[[1.        0.1652603 0.       ]]
290,38.204933,[[-0.78182936  1.          0.        ]]
291,41.200512,[[-0.02077848  0.          0.        ]]
292,42.118484,[[-0.74242604  0.          0.        ]]
293,43.229393,[[-0.7003131  0.         0.       ]]
294,44.478107,[[-1.  1.  0.]]
295,47.328728,[[1.        0.6113461 0.       ]]
296,47.494507,[[-1.  1.  0.]]
297,49.71223,[[0.42678225 0.26036236 0.        ]]
298,51.371815,[[-1.         0.0527491  0.       ]]
299,49.888,[[-1.         0.9785691  0.       ]]
300,53.31976,[[-1.  1.  0.]]
301,55.996624,[[-1.  0.  0.]]
302,54.42845,[[-1.  0.  0.]]
303,56.000988,[[-1.  1.  0.]]
304,56.933792,[[-1.          0.37212634  0.        ]]
305,55.22877,[[-0.6004707   0.00306907  0.        ]]
306,54.521233,[[0.41402498 1.         0.        ]]
307,54.26329,[[-0.12314665  1.          0.        ]]
308,55.84052,[[-0.22006442  0.          0.        ]]
309,55.07283,[[-1.  1.  0.]]
310,56.7652,[[1. 0. 0.]]
311,55.071854,[[-0.00792575  1.          0.        ]]
312,56.025307,[[0.85243785 1.         0.        ]]
313,60.57588,[[-1.          0.30667728  0.        ]]
314,59.101395,[[-0.98419553  1.          0.        ]]
315,58.317265,[[-1.  0.  0.]]
316,57.61258,[[-0.48191905  0.77169263  0.        ]]
317,54.260227,[[-0.18669033  1.          0.        ]]
318,55.78732,[[0.85717416 0.         0.        ]]
319,57.491863,[[1. 0. 0.]]
320,57.551373,[[1.         0.19341701 0.        ]]
321,59.18786,[[0.5230629  0.60866755 0.        ]]
322,60.57359,[[-1.  0.  0.]]
323,61.531315,[[-1.  1.  0.]]
324,63.04815,[[-1.          0.11699571  0.        ]]
325,62.09519,[[-1.  0.  0.]]
326,60.824326,[[-0.23649274  0.18135585  0.        ]]
327,60.744614,[[0.05895115 0.         0.        ]]
328,64.03539,[[-1.         0.6025785  0.       ]]
329,64.97826,[[-0.710435    0.29411533  0.        ]]
330,63.994625,[[-1.  0.  0.]]
331,64.19706,[[-0.30678982  1.          0.        ]]
332,58.121037,[[0.04167426 0.0622002  0.        ]]
333,58.058487,[[1. 0. 0.]]
334,59.217693,[[-0.9971147   0.06401971  0.        ]]
335,60.303,[[0.2449566  0.05620345 0.        ]]
336,61.45384,[[1.         0.74037945 0.        ]]
337,59.014072,[[-0.22063886  0.01869622  0.        ]]
338,58.644318,[[0.34285954 1.         0.        ]]
339,57.393333,[[1.       0.608354 0.      ]]
340,60.44177,[[0.10298942 0.31494516 0.        ]]
341,60.072086,[[-1.         0.3071231  0.       ]]
342,58.93143,[[-1.          0.95391554  0.        ]]
343,59.702915,[[0.32840288 0.47652704 0.        ]]
344,59.77991,[[-1.  0.  0.]]
345,57.28189,[[-1.  0.  0.]]
346,61.54548,[[0.84860325 1.         0.        ]]
347,61.96639,[[0.6294959 0.        0.       ]]
348,60.109097,[[-0.17581189  0.          0.        ]]
349,59.75603,[[0.17119163 0.         0.        ]]
350,57.75669,[[0.16880608 1.         0.        ]]
351,57.815964,[[-0.6976499  0.6639077  0.       ]]
352,58.26429,[[-1.  0.  0.]]
353,59.225872,[[-0.81254756  0.          0.        ]]
354,60.230198,[[0.17917389 0.         0.        ]]
355,59.596355,[[0.9099783 0.        0.       ]]
356,61.482456,[[0.23490548 0.28182757 0.        ]]
357,64.41521,[[-1.  1.  0.]]
358,66.2763,[[-1.  0.  0.]]
359,67.69233,[[0.78711116 0.         0.        ]]
360,64.06823,[[-1.  0.  0.]]
361,63.459385,[[-1.  0.  0.]]
362,64.42112,[[0.11683927 0.         0.        ]]
363,62.5021,[[-0.79490805  1.          0.        ]]
364,62.656246,[[0.74374425 1.         0.        ]]
365,61.452637,[[0.27772844 0.         0.        ]]
366,62.07725,[[-0.6192738  1.         0.       ]]
367,60.745743,[[-0.54412717  0.4170913   0.        ]]
368,60.48765,[[0.70168823 0.         0.        ]]
369,61.6776,[[0.14730984 0.18214327 0.        ]]
370,63.229652,[[-0.0754956  1.         0.       ]]
371,62.440357,[[-1.          0.96260935  0.        ]]
372,63.19643,[[0.18469736 1.         0.        ]]
373,64.984764,[[0.04610825 0.11572564 0.        ]]
374,65.551796,[[1. 1. 0.]]
375,67.02804,[[-0.9126807  1.         0.       ]]
376,65.17466,[[-0.2046457  0.2586444  0.       ]]
377,65.61888,[[-0.31654826  0.          0.        ]]
378,65.823814,[[0.60992146 0.3735258  0.        ]]
379,66.85184,[[0.13764006 1.         0.        ]]
380,68.89868,[[-0.8102355  1.         0.       ]]
381,66.97445,[[-0.41926923  0.95069015  0.        ]]
382,67.88903,[[1. 1. 0.]]
383,68.40324,[[0.5979294 1.        0.       ]]
384,69.55449,[[0.22596075 1.         0.        ]]
385,69.5585,[[-0.20833203  1.          0.        ]]
386,69.26939,[[-0.9139126   0.03902233  0.        ]]
387,69.446,[[1. 1. 0.]]
388,71.18371,[[-0.2473351  1.         0.       ]]
389,68.6223,[[0.5233603  1.         0.10183597]]
390,69.7457,[[0.3241622 1.        0.       ]]
391,68.50692,[[-1.  1.  0.]]
392,68.60578,[[-0.05118474  1.          0.        ]]
393,70.56072,[[1. 1. 0.]]
394,70.14201,[[0.00626791 1.         0.        ]]
395,69.292534,[[0.9805586 1.        0.       ]]
396,68.6289,[[-0.22244728  1.          0.        ]]
397,69.285515,[[0.11714336 1.         0.        ]]
398,66.64048,[[0.22669566 1.         0.        ]]
399,69.479385,[[-1.  1.  0.]]
400,69.95501,[[0.51148283 0.42222795 0.        ]]
401,68.92429,[[-0.09384972  0.83486813  0.        ]]
402,69.46057,[[-1.         0.5654347  0.       ]]
403,73.07441,[[-1.  1.  0.]]
404,72.551735,[[-0.63031954  0.          0.        ]]
405,74.557465,[[0.30911356 0.         0.        ]]
406,76.813126,[[0.95964503 1.         0.        ]]
407,76.56609,[[0.15378469 1.         0.        ]]
408,73.28755,[[-0.38821405  0.          0.        ]]
409,71.41848,[[-1.  0.  0.]]
410,72.77051,[[-1.  0.  0.]]
411,75.579384,[[-1.          0.81911546  0.        ]]
412,78.454605,[[-0.17364733  0.32503697  0.        ]]
413,78.152145,[[0.8466094 0.        0.       ]]
414,77.625206,[[1. 1. 0.]]
415,77.82332,[[0.14457092 0.37709954 0.        ]]
416,77.85824,[[-0.07221681  1.          0.        ]]
417,73.80421,[[-1.          0.05198853  0.        ]]
418,77.088455,[[-1.          0.21801624  0.        ]]
419,74.892,[[-0.9344673   0.02188551  0.        ]]
420,72.59075,[[-0.31256425  1.          0.        ]]
421,68.83477,[[1. 0. 0.]]
422,64.74158,[[1. 0. 0.]]
423,65.740814,[[1. 0. 0.]]
424,69.511314,[[1. 1. 0.]]
425,72.73397,[[1. 1. 0.]]
426,72.90478,[[1. 1. 0.]]
427,70.55728,[[1. 1. 0.]]
428,69.89115,[[1. 1. 0.]]
429,69.86173,[[-0.87956834  0.12621605  0.        ]]
430,69.826256,[[-0.56331146  1.          0.        ]]
431,69.41048,[[-0.91012645  0.20919323  0.        ]]
432,69.92563,[[1. 0. 0.]]
433,70.68702,[[-0.49437395  0.63685334  0.        ]]
434,72.22595,[[1. 0. 0.]]
435,70.58779,[[-0.11537072  0.          0.        ]]
436,72.65044,[[-1.  1.  0.]]
437,70.0331,[[0.523826 1.       0.      ]]
438,72.43618,[[-0.0294356   0.10522735  0.        ]]
439,72.03977,[[-0.13224405  0.03423148  0.        ]]
440,72.63674,[[-0.48849893  0.          0.        ]]
441,72.95118,[[-0.16732645  0.48001134  0.        ]]
442,72.510185,[[1.         0.45241112 0.        ]]
443,73.96397,[[1. 1. 0.]]
444,75.10207,[[1. 1. 0.]]
445,74.059135,[[0.6957432 1.        0.       ]]
446,72.50002,[[1. 1. 0.]]
447,73.41055,[[-0.17646973  1.          0.        ]]
448,73.07398,[[0.61585015 1.         0.        ]]
449,71.95951,[[-0.4261217  1.         0.       ]]
450,72.308945,[[-1.  0.  0.]]
451,72.64943,[[-0.7939811  0.4861479  0.       ]]
452,73.03004,[[-0.49435526  1.          0.        ]]
453,72.91103,[[0.7423009 1.        0.       ]]
454,74.78643,[[0.5332794 1.        0.       ]]
455,73.77402,[[-1.          0.01934338  0.        ]]
456,72.98053,[[0.49664193 1.         0.        ]]
457,76.04741,[[0.4751152 0.        0.       ]]
458,74.95014,[[-0.6194845  1.         0.       ]]
459,75.07856,[[-1.          0.51300967  0.        ]]
460,74.14736,[[1. 1. 0.]]
461,76.32128,[[-0.49371934  0.8385955   0.        ]]
462,75.82666,[[-0.19190249  0.75561446  0.        ]]
463,77.17703,[[0.33898133 0.85321164 0.        ]]
464,78.36537,[[1.         0.28894585 0.        ]]
465,75.71661,[[0.412847 1.       0.      ]]
466,73.020645,[[-1.  1.  0.]]
467,74.95391,[[0.36757767 1.         0.        ]]
468,73.499916,[[-0.6920691  1.         0.       ]]
469,73.14848,[[-1.  0.  0.]]
470,73.678,[[-1.          0.87148917  0.        ]]
471,75.04882,[[1. 1. 0.]]
472,75.88119,[[0.30277815 1.         0.        ]]
473,75.01507,[[0.05272049 0.61013114 0.        ]]
474,73.25186,[[-0.41101837  0.43484795  0.        ]]
475,73.83719,[[-1.  1.  0.]]
476,74.665115,[[0.16593003 0.         0.        ]]
477,77.98679,[[1.         0.41063294 0.        ]]
478,73.92601,[[-1.  0.  0.]]
479,71.415215,[[-1.  0.  0.]]
480,72.54576,[[-1.          0.63061965  0.        ]]
481,75.436325,[[-1.  0.  0.]]
482,76.756874,[[-0.38998353  0.4278571   0.        ]]
483,76.925835,[[-0.32691693  0.          0.        ]]
484,78.52686,[[-0.18489644  1.          0.        ]]
485,77.530594,[[1. 0. 0.]]
486,78.09475,[[1. 0. 0.]]
487,77.71049,[[1. 1. 0.]]
488,78.56081,[[0.34868252 1.         0.        ]]
489,79.48473,[[1.        0.9565175 0.       ]]
490,75.38435,[[-0.6878706  1.         0.       ]]
491,75.106026,[[-1.  0.  0.]]
492,77.97236,[[1.        0.3557471 0.       ]]
493,79.09365,[[1. 1. 0.]]
494,74.35568,[[-0.01279879  0.          0.        ]]
495,74.47949,[[-1.  0.  0.]]
496,75.10209,[[-1.  0.  0.]]
497,77.55116,[[0.17456025 0.07445896 0.        ]]
498,81.224846,[[-0.09178063  1.          0.        ]]
499,78.6558,[[-1.         0.9123041  0.       ]]
500,76.937,[[-0.62891895  0.          0.        ]]
501,76.18979,[[-0.5156083  0.         0.       ]]
502,75.32345,[[1. 0. 0.]]
503,75.45386,[[0.87918156 1.         0.        ]]
504,76.00269,[[1. 1. 0.]]
505,78.30972,[[1.         0.81607056 0.        ]]
506,78.75523,[[1. 1. 0.]]
507,74.92446,[[-0.62716115  0.          0.        ]]
508,72.257576,[[-1.  1.  0.]]
509,78.05883,[[0.29460713 0.94763535 0.        ]]
510,77.054504,[[-0.2980891  0.5542798  0.       ]]
511,73.87646,[[-1.          0.66993475  0.        ]]
512,74.852486,[[1.         0.18312752 0.        ]]
513,74.90385,[[1. 0. 0.]]
514,72.50985,[[1. 1. 0.]]
515,70.44091,[[0.5151296 1.        0.       ]]
516,69.984146,[[-0.34968328  0.          0.        ]]
517,65.292404,[[-1.          0.52185196  0.        ]]
518,66.556114,[[-1.  0.  0.]]
519,66.70072,[[-1.  0.  0.]]
520,69.60383,[[0.757276   0.46328452 0.        ]]
521,72.36236,[[-0.08556414  0.6754416   0.        ]]
522,72.75539,[[-0.6366121   0.42260614  0.        ]]
523,72.07013,[[1.         0.11558262 0.        ]]
524,71.845314,[[0.8875664 0.        0.       ]]
525,73.138855,[[-0.7746191  0.9111061  0.       ]]
526,72.831764,[[0.4925232 1.        0.       ]]
527,72.385605,[[1.         0.52433854 0.        ]]
528,75.48247,[[0.546659 1.       0.      ]]
529,73.273476,[[0.6557618  0.49619007 0.        ]]
530,73.95808,[[-0.61481714  1.          0.        ]]
531,75.86277,[[0.20443301 0.         0.        ]]
532,76.55843,[[-1.  1.  0.]]
533,71.67756,[[1.        0.9797059 0.       ]]
534,71.12983,[[1. 1. 0.]]
535,75.15759,[[-0.90348005  1.          0.        ]]
536,73.483116,[[-0.32905042  0.9440408   0.        ]]
537,72.628494,[[-1.  1.  0.]]
538,69.92567,[[-0.29227245  1.          0.        ]]
539,68.36422,[[-1.  1.  0.]]
540,67.2764,[[-1.          0.34782946  0.        ]]
541,70.54386,[[1. 1. 0.]]
542,71.955086,[[1. 0. 0.]]
543,73.62477,[[0.8571546 1.        0.       ]]
544,73.78052,[[-0.6368005  1.         0.       ]]
545,72.83852,[[0.3612902 0.3470986 0.       ]]
546,72.393166,[[1. 1. 0.]]
547,72.50319,[[-0.10920405  1.          0.        ]]
548,73.26693,[[-1.  1.  0.]]
549,72.808464,[[0.6720271 1.        0.       ]]
550,72.86555,[[1.        0.8076303 0.       ]]
551,74.78925,[[0.42982537 1.         0.        ]]
552,74.27043,[[-0.30884698  1.          0.        ]]
553,74.18257,[[-1.  1.  0.]]
554,73.53278,[[-0.11656824  1.          0.        ]]
555,72.53205,[[-1.  1.  0.]]
556,71.15646,[[1. 1. 0.]]
557,73.74509,[[0.78435034 1.         0.        ]]
558,72.31721,[[-0.22616059  1.          0.        ]]
559,74.167816,[[-0.51808876  1.          0.        ]]
560,72.741905,[[0.5908594 1.        0.       ]]
561,73.78001,[[1. 1. 0.]]
562,70.71757,[[1. 1. 0.]]
563,67.71316,[[1. 1. 0.]]
564,63.16915,[[-0.4554708  1.         0.       ]]
565,60.259636,[[0.21889248 1.         0.        ]]
566,60.16874,[[-1.         0.4676334  0.       ]]
567,59.988216,[[0.5289378 0.        0.       ]]
568,58.493458,[[-1.         0.2289671  0.       ]]
569,59.675606,[[-1.  0.  0.]]
570,58.124584,[[-1.  0.  0.]]
571,60.0321,[[-1.  0.  0.]]
572,62.910164,[[-1.  1.  0.]]
573,64.359474,[[-1.  0.  0.]]
574,62.371754,[[-1.  0.  0.]]
575,61.925976,[[-1.  0.  0.]]
576,60.150967,[[-1.  0.  0.]]
577,55.934193,[[-1.  0.  0.]]
578,52.067234,[[-1.         0.5076158  0.       ]]
579,43.882526,[[-1.  0.  0.]]
580,40.424686,[[-1.  0.  0.]]
581,37.90853,[[-1.  0.  0.]]
582,35.635517,[[-1.  0.  0.]]
583,30.648523,[[-1.  0.  0.]]
584,30.280415,[[-1.  0.  0.]]
585,28.010036,[[-1.  0.  0.]]
586,26.50153,[[-1.  0.  0.]]
587,23.788813,[[-1.  0.  0.]]
588,24.123093,[[-1.  0.  0.]]
589,24.139671,[[-1.  0.  0.]]
590,32.172302,[[-1.  0.  0.]]
591,28.596464,[[-1.  0.  0.]]
592,28.104296,[[-1.  0.  0.]]
593,26.330282,[[-1.  0.  0.]]
594,23.480682,[[-1.  0.  0.]]
595,21.529966,[[-1.  0.  0.]]
596,19.83106,[[-1.  0.  0.]]
597,19.157719,[[-1.  0.  0.]]
598,18.517235,[[-1.  0.  0.]]
599,18.931274,[[-1.  0.  0.]]
600,18.393269,[[-1.  0.  0.]]
601,17.874762,[[-1.  0.  0.]]
602,17.36048,[[-1.  0.  0.]]
603,16.81429,[[-1.  0.  0.]]
604,16.948439,[[-1.  0.  0.]]
605,16.857845,[[-1.  0.  0.]]
606,16.717575,[[-1.  0.  0.]]
607,16.588491,[[-1.  0.  0.]]
608,15.881441,[[-1.  0.  0.]]
609,15.504306,[[-1.  0.  0.]]
610,15.592175,[[-1.  0.  0.]]
611,15.009701,[[-1.  0.  0.]]
612,14.652027,[[-1.  0.  0.]]
613,14.754925,[[-1.  0.  0.]]
614,14.562622,[[-1.  0.  0.]]
615,14.422284,[[-1.  0.  0.]]
616,14.051981,[[-1.  0.  0.]]
617,13.017991,[[-1.  0.  0.]]
618,12.8614435,[[-0.7767514  0.         0.       ]]
619,12.501686,[[-1.  0.  0.]]
620,12.749226,[[-1.  0.  0.]]
621,12.955652,[[-1.  0.  0.]]
622,12.739306,[[-1.  0.  0.]]
623,12.859629,[[-1.  0.  0.]]
624,12.771364,[[-1.  0.  0.]]
625,11.866944,[[-1.  0.  0.]]
626,10.706564,[[-1.  0.  0.]]
627,10.5227995,[[-1.  0.  0.]]
628,9.395636,[[-1.  0.  0.]]
629,11.683173,[[-1.  0.  0.]]
630,12.953721,[[-1.  0.  0.]]
631,12.368319,[[-1.  0.  0.]]
632,13.822905,[[-1.  0.  0.]]
633,12.880653,[[-1.  0.  0.]]
634,7.8919196,[[-1.  0.  0.]]
635,6.2464433,[[-1.  0.  0.]]
636,2.651795,[[-0.29537565  0.          0.        ]]
637,0.6114897,[[-0.5231204  0.         0.       ]]
638,0.9686536,[[0.60402966 0.         0.        ]]
639,1.1308311,[[0.8849037 0.        0.       ]]
640,2.9687247,[[0.06126934 0.         0.        ]]
641,4.8154993,[[1. 0. 0.]]
642,2.749754,[[1. 0. 0.]]
643,6.5492578,[[1. 0. 0.]]
644,8.01586,[[1. 0. 0.]]
645,11.984986,[[1. 0. 0.]]
646,14.614212,[[1.         0.28433365 0.20329738]]
647,17.356731,[[1. 0. 0.]]
648,18.155167,[[0.6862609 0.        0.       ]]
649,17.824055,[[1. 0. 0.]]
650,17.418413,[[0.46144533 0.         0.        ]]
651,19.84733,[[0.10628879 0.         0.        ]]
652,20.313873,[[-0.35751057  0.          0.        ]]
653,22.58297,[[0.51847625 0.         0.        ]]
654,22.5385,[[1. 0. 0.]]
655,22.77158,[[1.         0.26984382 0.        ]]
656,23.7311,[[-1.  0.  0.]]
657,25.31712,[[1. 0. 0.]]
658,26.82608,[[-0.19598755  0.          0.        ]]
659,27.775188,[[0.3289965 0.        0.       ]]
660,30.984236,[[-0.9461416  0.         0.       ]]
661,33.309467,[[-0.3348993  0.         0.       ]]
662,37.71666,[[-0.12279129  0.          0.        ]]
663,44.28847,[[-0.67915046  0.          0.        ]]
664,51.988037,[[-1.  0.  0.]]
665,62.53864,[[-0.03952599  0.          0.        ]]
666,63.306797,[[-1.  1.  0.]]
667,58.57224,[[1. 1. 0.]]
668,56.122005,[[1. 1. 0.]]
669,51.082058,[[1. 1. 0.]]
670,42.73013,[[1. 1. 0.]]
671,40.673504,[[1.        0.3686582 0.       ]]
672,34.516422,[[1. 0. 0.]]
673,32.700718,[[1. 0. 0.]]
674,30.921345,[[1. 0. 0.]]
675,31.08006,[[1. 0. 0.]]
676,30.917324,[[1. 0. 0.]]
677,29.716324,[[1. 0. 0.]]
678,30.631454,[[1. 0. 0.]]
679,33.380272,[[0.69987464 0.         0.        ]]
680,36.110516,[[1. 0. 0.]]
681,38.906723,[[1. 0. 0.]]
682,42.423492,[[1.        0.        0.5565989]]
683,42.98314,[[1. 0. 0.]]
684,43.936333,[[1.        0.9347295 0.       ]]
685,44.17116,[[0.24953842 1.         0.03047538]]
686,44.520542,[[-0.10997427  1.          0.5740469 ]]
687,47.405148,[[0.639759 1.       0.      ]]
688,47.507862,[[0.88532615 0.58202374 0.        ]]
689,47.80239,[[0.5864372 0.8381391 1.       ]]
690,51.381546,[[-0.60770786  0.66400445  0.        ]]
691,55.318035,[[0.6359614 0.9590579 0.       ]]
692,54.125744,[[1.         1.         0.31431586]]
693,56.319477,[[-0.2744162  0.5277076  0.       ]]
694,57.889297,[[1. 1. 0.]]
695,57.885914,[[-0.9711292  1.         0.4188969]]
696,58.512592,[[1. 1. 0.]]
697,57.31065,[[0.13326263 1.         0.70093656]]
698,58.268375,[[1. 1. 0.]]
699,58.389202,[[0.48921287 1.         0.        ]]
700,56.832523,[[0.5418301 1.        0.       ]]
701,56.121815,[[0.36565048 1.         0.        ]]
702,56.304802,[[1. 1. 0.]]
703,54.510113,[[1. 1. 0.]]
704,52.384285,[[-0.71692544  1.          0.        ]]
705,53.497826,[[-0.1920959  1.         0.       ]]
706,55.061962,[[0.8844019 0.5114659 0.       ]]
707,52.092297,[[0.20117919 1.         0.        ]]
708,52.25983,[[0.63567287 1.         0.        ]]
709,50.62621,[[-0.46004835  0.83289176  0.        ]]
710,49.86732,[[-0.78417754  1.          0.        ]]
711,50.423367,[[-1.          0.32000196  0.        ]]
712,50.78748,[[-1.  1.  0.]]
713,49.844547,[[-1.         0.8232219  0.       ]]
714,46.91593,[[-0.9844595  0.         0.       ]]
715,43.97364,[[0.83674157 1.         0.        ]]
716,41.252796,[[-1.  0.  0.]]
717,41.867096,[[-1.         0.7707789  0.       ]]
718,37.602795,[[-0.74030966  0.          0.        ]]
719,33.483044,[[1. 0. 0.]]
720,30.972511,[[1. 1. 0.]]
721,31.8308,[[-0.36109456  0.63445395  0.        ]]
722,34.92796,[[1. 0. 0.]]
723,35.22568,[[-0.74978757  0.          0.        ]]
724,36.70913,[[1. 0. 0.]]
725,34.5767,[[0.91174865 0.5663686  0.        ]]
726,34.450397,[[-0.33148837  0.9443036   0.        ]]
727,33.20232,[[0.6362938 1.        0.       ]]
728,33.103462,[[-1.          0.86341804  0.        ]]
729,32.66739,[[-1.  0.  0.]]
730,33.82212,[[-0.6969942  0.         0.       ]]
731,33.703396,[[1. 0. 0.]]
732,32.51932,[[0.14444959 1.         0.        ]]
733,32.63384,[[0.38387066 0.         0.        ]]
734,34.20615,[[1. 1. 0.]]
735,31.936981,[[-1.  0.  0.]]
736,32.07757,[[0.3639721 0.        0.       ]]
737,34.27367,[[-0.1488713  0.         0.       ]]
738,33.157207,[[0.1595113 0.        0.       ]]
739,35.49002,[[0.743788 0.       0.      ]]
740,31.967255,[[-1.  0.  0.]]
741,31.470272,[[-1.  0.  0.]]
742,32.25815,[[-1.  0.  0.]]
743,34.65356,[[-0.70824575  0.          0.        ]]
744,35.011234,[[0.09541398 0.         0.        ]]
745,33.127113,[[1. 0. 0.]]
746,32.24006,[[0.0617038 0.        0.       ]]
747,28.901178,[[-0.771993  0.        0.      ]]
748,28.622337,[[-1.  0.  0.]]
749,27.712013,[[-0.6549216   0.02204561  0.        ]]
750,25.274433,[[-1.  0.  0.]]
751,23.358881,[[0.08569455 0.         0.        ]]
752,21.393433,[[-1.  0.  0.]]
753,17.748442,[[0.39287663 0.         0.        ]]
754,18.1917,[[-0.9220433  0.         0.       ]]
755,16.333685,[[-0.74653184  1.          0.        ]]
756,16.270187,[[0.6786838 0.        0.       ]]
757,17.04928,[[0.23796004 0.16087449 0.        ]]
758,15.486868,[[0.53023374 0.         0.        ]]
759,14.810501,[[-1.  0.  0.]]
760,12.166863,[[-1.  0.  0.]]
761,13.886644,[[-1.  1.  0.]]
762,14.585478,[[-1.  0.  0.]]
763,16.77809,[[-1.  0.  0.]]
764,17.016058,[[0.21474138 0.         0.        ]]
765,20.007227,[[-0.6727096  0.         0.       ]]
766,21.06351,[[-1.          0.43628693  0.        ]]
767,21.686981,[[-0.98095065  0.          0.        ]]
768,21.99695,[[-0.01741227  0.          0.        ]]
769,22.6875,[[-0.7395296  0.         0.       ]]
770,22.789753,[[-0.54923236  0.          0.        ]]
771,22.369556,[[1.         0.09339482 0.        ]]
772,23.929098,[[-0.9515462   0.78133655  0.        ]]
773,24.978888,[[-0.74771726  0.          0.        ]]
774,26.09697,[[1. 0. 0.]]
775,25.780224,[[1. 0. 0.]]
776,24.919945,[[-1.  0.  0.]]
777,24.159588,[[-1.  0.  0.]]
778,23.75069,[[-0.05867261  1.          0.        ]]
779,22.512905,[[-1.  0.  0.]]
780,21.072624,[[-1.  0.  0.]]
781,22.114305,[[-0.7708863   0.83153325  0.        ]]
782,22.255016,[[-1.  0.  0.]]
783,22.637775,[[-1.  0.  0.]]
784,21.656853,[[-1.  0.  0.]]
785,20.553986,[[-1.         0.5127821  0.       ]]
786,21.155205,[[-1.  0.  0.]]
787,22.389069,[[-1.  0.  0.]]
788,24.393719,[[-1.  0.  0.]]
789,26.039055,[[-1.  0.  0.]]
790,29.274578,[[-1.          0.29784095  0.        ]]
791,31.953009,[[-1.  0.  0.]]
792,33.69376,[[-1.  0.  0.]]
793,35.964954,[[-0.6502218  0.         0.       ]]
794,40.669502,[[-1.  0.  0.]]
795,43.77275,[[-1.  0.  0.]]
796,48.61429,[[-1.  0.  0.]]
797,57.010525,[[-1.  0.  0.]]
798,65.78951,[[-1.  0.  0.]]
799,73.72252,[[-0.9514247  0.         0.       ]]
800,78.56641,[[-0.03777981  0.          0.        ]]
801,79.97429,[[-0.38701925  0.          0.        ]]
802,82.90518,[[1. 0. 0.]]
803,77.648315,[[1. 0. 0.]]
804,76.417206,[[1. 1. 0.]]
805,78.1752,[[1. 0. 0.]]
806,80.845406,[[1.        0.7416396 0.       ]]
807,83.71112,[[0.46685714 0.         0.        ]]
808,83.92545,[[0.42027217 1.         0.        ]]
809,83.97118,[[-0.91650295  0.7568378   0.        ]]
810,84.85209,[[-1.         0.7919065  0.       ]]
811,85.204025,[[0.77623296 1.         0.        ]]
812,85.34438,[[-0.46220303  1.          0.        ]]
813,85.049706,[[0.33027938 1.         0.        ]]
814,85.705414,[[-1.  1.  0.]]
815,85.58342,[[-0.53641844  1.          0.        ]]
816,85.96243,[[0.6514123 1.        0.       ]]
817,86.33988,[[0.5080846 1.        0.       ]]
818,88.20117,[[1. 1. 0.]]
819,87.692696,[[0.24228863 1.         0.        ]]
820,85.932014,[[0.50679696 1.         0.        ]]
821,83.41406,[[-1.  0.  0.]]
822,84.60045,[[-0.81136054  0.36219656  0.        ]]
823,84.90158,[[-0.26215193  1.          0.        ]]
824,84.38763,[[-1.  1.  0.]]
825,85.39323,[[0.33178145 0.13778985 0.        ]]
826,85.7678,[[-1.  1.  0.]]
827,82.87942,[[1. 1. 0.]]
828,84.37442,[[0.28941527 1.         0.        ]]
829,82.8402,[[-0.32245868  1.          0.        ]]
830,81.31202,[[-1.          0.09197557  0.        ]]
831,81.486824,[[-0.24599269  0.80532515  0.        ]]
832,81.1725,[[0.823528 1.       0.      ]]
833,81.61842,[[-1.  1.  0.]]
834,80.251114,[[1. 1. 0.]]
835,81.509766,[[1.         0.08462286 0.        ]]
836,82.21173,[[-0.39216554  1.          0.        ]]
837,81.14141,[[0.02042884 1.         0.        ]]
838,80.534874,[[1. 1. 0.]]
839,81.98781,[[1.       0.964167 0.      ]]
840,79.4537,[[0.60641325 1.         0.        ]]
841,81.192444,[[-0.11270926  1.          0.        ]]
842,83.28452,[[-1.  1.  0.]]
843,83.754265,[[-1.  1.  0.]]
844,83.08382,[[-0.52172244  1.          0.        ]]
845,84.30688,[[0.4177056 1.        0.       ]]
846,85.47855,[[1.         0.28786147 0.        ]]
847,83.36919,[[1.         0.91587627 0.        ]]
848,84.85038,[[0.16578463 1.         0.        ]]
849,82.51701,[[-1.  1.  0.]]
850,83.50974,[[0.02645266 0.8051461  0.        ]]
851,83.49289,[[0.7971085 1.        0.       ]]
852,79.27724,[[-1.        0.639938  0.      ]]
853,79.39277,[[-0.4753996  0.         0.       ]]
854,75.87194,[[-0.4234212  1.         0.       ]]
855,72.16653,[[0.7457834 0.        0.       ]]
856,64.90885,[[1.         0.32722226 0.        ]]
857,55.889023,[[1.         0.16205609 0.        ]]
858,54.342373,[[-0.6519388  1.         0.       ]]
859,52.05126,[[1. 0. 0.]]
860,48.623955,[[1. 1. 0.]]
861,46.771374,[[-1.  0.  0.]]
862,44.344128,[[-0.94187015  1.          0.        ]]
863,41.294155,[[-1.  0.  0.]]
864,39.347126,[[-0.8136227   0.05846989  0.        ]]
865,38.193684,[[-1.  0.  0.]]
866,39.30219,[[1. 0. 0.]]
867,39.191586,[[1. 1. 0.]]
868,39.13307,[[1.         0.04514499 0.        ]]
869,37.613964,[[0.27367193 0.         0.        ]]
870,39.376236,[[-1.  1.  0.]]
871,39.92602,[[0.1864653 0.        0.       ]]
872,37.883595,[[0.5178917 0.        0.       ]]
873,40.437363,[[-0.46171638  1.          0.        ]]
874,41.855362,[[1.        0.5294293 0.       ]]
875,42.2283,[[-1.          0.08713713  0.        ]]
876,45.536217,[[-0.01994184  0.          0.        ]]
877,46.168777,[[-0.14585246  0.06232423  0.        ]]
878,43.846706,[[0.24512535 0.         0.        ]]
879,39.909145,[[0.07497936 1.         0.        ]]
880,42.234367,[[-1.  0.  0.]]
881,41.73467,[[-0.26698908  0.          0.        ]]
882,36.46732,[[-0.2880098  1.         0.       ]]
883,27.381655,[[-0.36240223  0.          0.        ]]
884,21.243378,[[0.11507902 0.         0.        ]]
885,19.92996,[[1. 0. 0.]]
886,17.496883,[[-0.88716227  0.          0.        ]]
887,14.466662,[[0.10927996 0.         0.        ]]
888,13.106155,[[-0.8105267  0.         0.       ]]
889,12.320005,[[-0.3826416  0.         0.       ]]
890,11.003418,[[1. 0. 0.]]
891,9.86282,[[0.7690366 0.        0.       ]]
892,8.80741,[[-0.8541393  0.6647969  0.       ]]
893,7.277012,[[-1.  0.  0.]]
894,9.388559,[[-0.07598293  0.          0.        ]]
895,11.269465,[[1. 0. 0.]]
896,10.419687,[[-0.42011446  0.          0.        ]]
897,10.138591,[[-0.31599724  0.          0.        ]]
898,14.675434,[[1. 0. 0.]]
899,18.507856,[[0.85233486 0.         0.        ]]
900,19.413868,[[1. 1. 0.]]
901,16.096668,[[-0.65117174  0.          0.        ]]
902,14.742137,[[0.28510785 0.615667   0.        ]]
903,15.382835,[[-1.         0.9992814  0.       ]]
904,14.303028,[[-1.  1.  0.]]
905,14.851801,[[-0.24452792  0.          0.        ]]
906,14.777297,[[0.20881888 0.         0.        ]]
907,15.137478,[[-0.5459658  0.         0.       ]]
908,14.595169,[[-1.  0.  0.]]
909,13.685566,[[-1.  0.  0.]]
910,14.931485,[[1.         0.26118726 0.        ]]
911,14.79756,[[-0.5205771   0.12744972  0.        ]]
912,15.615311,[[-0.6446375  0.         0.       ]]
913,15.072872,[[-1.        0.350066  0.      ]]
914,15.816159,[[1.         0.76247865 0.        ]]
915,15.872475,[[1. 1. 0.]]
916,16.190273,[[1.         0.11714524 0.        ]]
917,15.766153,[[-0.6673156  0.5460803  0.       ]]
918,15.356861,[[0.1692571  0.22824275 0.        ]]
919,14.452742,[[0.43076575 0.         0.        ]]
920,15.031927,[[0.4107414 0.        0.       ]]
921,14.960448,[[0.54500544 0.11644188 0.        ]]
922,15.494291,[[0.02293175 0.85289    0.        ]]
923,14.632959,[[-1.  0.  0.]]
924,12.699484,[[-0.82772654  0.06798291  0.00678444]]
925,13.965687,[[-0.854859  0.        0.      ]]
926,14.040377,[[-0.6341485  0.         0.       ]]
927,13.292892,[[-1.  0.  0.]]
928,13.885979,[[0.21683991 0.         0.        ]]
929,14.246008,[[-1.  0.  0.]]
930,14.798578,[[-0.39185068  0.          0.        ]]
931,14.398383,[[0.4124036 0.        0.       ]]
932,14.676279,[[0.31892633 0.         0.        ]]
933,14.79712,[[1.        0.8160322 0.       ]]
934,15.548123,[[1. 0. 0.]]
935,14.973404,[[-0.842076  0.        0.      ]]
936,15.002138,[[0.1896608 0.        0.       ]]
937,15.145051,[[0.51439273 1.         0.        ]]
938,15.592284,[[-0.21185362  0.          0.        ]]
939,13.790753,[[-0.3302716  0.         0.       ]]
940,13.840562,[[1. 0. 0.]]
941,14.294241,[[-0.60815763  0.          0.        ]]
942,14.685711,[[-0.28850338  0.          0.        ]]
943,13.923977,[[0.2848826 0.        0.       ]]
944,14.50362,[[0.176574 0.       0.      ]]
945,15.570782,[[-0.6111034  0.         0.       ]]
946,14.631651,[[-0.03040978  0.          0.        ]]
947,14.90663,[[-1.          0.37871814  0.        ]]
948,14.912516,[[0.48019186 0.29350197 0.        ]]
949,14.885696,[[0.11695276 1.         0.        ]]
950,15.380097,[[-1.  0.  0.]]
951,13.8433,[[-0.9866872  0.         0.       ]]
952,14.764564,[[-0.45906258  1.          0.        ]]
953,14.593735,[[1. 0. 0.]]
954,15.551447,[[-0.33250558  0.53579664  0.        ]]
955,14.043257,[[0.6257981 0.        0.       ]]
956,14.651903,[[-0.23687592  0.          0.        ]]
957,14.158422,[[-0.93060255  0.06748146  0.        ]]
958,14.842239,[[-0.30420738  1.          0.        ]]
959,15.298362,[[1. 0. 0.]]
960,15.287011,[[1. 0. 0.]]
961,16.55383,[[-1.  0.  0.]]
962,15.476831,[[0.8427391 0.        0.       ]]
963,15.73704,[[0.22600202 0.13422775 0.        ]]
964,15.7835455,[[1. 0. 0.]]
965,15.687403,[[-0.14359346  0.          0.        ]]
966,14.143619,[[-1.  0.  0.]]
967,14.632804,[[-0.03700423  0.          0.        ]]
968,14.0962715,[[0.76351786 1.         0.        ]]
969,14.085388,[[1. 0. 0.]]
970,13.918102,[[-0.33623707  1.          0.        ]]
971,12.352486,[[-1.  0.  0.]]
972,13.019827,[[0.44813415 0.         0.        ]]
973,13.388023,[[-0.06173011  0.99002004  0.        ]]
974,13.883666,[[0.37025607 0.12831381 0.        ]]
975,13.544394,[[0.6420089 1.        0.       ]]
976,13.708494,[[-1.         0.5139557  0.       ]]
977,14.818041,[[-1.  0.  0.]]
978,13.929639,[[-0.2840994  0.5196339  0.       ]]
979,12.318361,[[-0.53215045  0.          0.        ]]
980,12.647715,[[-0.11823402  0.          0.        ]]
981,13.23239,[[0.1582174  0.24336123 0.        ]]
982,14.040427,[[-0.32382756  1.          0.        ]]
983,13.723268,[[-1.  0.  0.]]
984,13.765962,[[1. 0. 0.]]
985,15.316076,[[0.8308301 0.        0.       ]]
986,16.667957,[[0.9043447 0.        0.       ]]
987,16.941212,[[1.         0.21943717 0.        ]]
988,17.117487,[[-1.  0.  0.]]
989,17.631393,[[-1.  1.  0.]]
990,15.956295,[[-1.          0.29420456  0.        ]]
991,15.220511,[[-0.5592494  0.         0.       ]]
992,15.894232,[[0.8056091 1.        0.       ]]
993,15.887049,[[-1.  0.  0.]]
994,16.01213,[[-0.01799549  1.          0.        ]]
995,16.595333,[[0.00479867 1.         0.        ]]
996,17.970533,[[-0.13535063  0.          0.        ]]
997,16.331911,[[0.60132086 0.14476094 0.        ]]
998,17.646309,[[-0.5933267  0.         0.       ]]
999,16.115067,[[-0.15198734  1.          0.        ]]
